﻿Designator,Footprint,Quantity,Value,LCSC Part #
BT1,3012TR,1,Battery_Cell,
"C3, C4, Cboot1, Cin1, Cin2, Cin3, Cinx1, Cinx2, Cinx3",0603,9,C,
COut1,0805,1,C,
D1,SOT-223,1,BAT120C,
J1,JST_PH_S2B-PH-K_1x02_P2.00mm_Horizontal,1,12V Power In,
J2,JST_SH_SM08B-SRSS-TB_1x08-1MP_P1.00mm_Horizontal,1,Display Connector,
J3,USB_C_Receptacle_GCT_USB4105-xx-A_16P_TopMnt_Horizontal,1,USB_C_Receptacle_USB2.0_16P,
J4,JST_SH_SM02B-SRSS-TB_1x02-1MP_P1.00mm_Horizontal,1,Ambient Light Connector,
L1,INDPM5653X430N,1,L,
"R1, R2",0603,2,5.1K,
"R3, R4, R5, R6",0603,4,10K,
S1,435451019820,1,BOOT,
S2,435451019820,1,RST,
U1,SOT-23-6,1,USBLC6-2SC6,
U2,MSOP-8_3x3mm_P0.65mm,1,MCP9808_MSOP,
U3,SOIC-16W_7.5x10.3mm_P1.27mm,1,DS3231M,
U4,ESP32-S3-WROOM-1,1,ESP32-S3-WROOM-1,
U5,DBV0006A-IPC_A,1,LMR50410Y3FQDBVRQ1,
