﻿Designator,Footprint,Quantity,Value,LCSC Part #
BT1,BATHLD001,1,Battery_Cell,
"C10, C11, C3, C4, C5, C6, C8, C9",0603,8,C,
"C12, C13",0805,2,C,
C7,0603,1,1uF,
D1,SOTFL65P210X75-5N,1,Toshiba CVJ10F30,
J1,"43650-02_00,01,02_",1,12V Power In,
J2,USB_C_Receptacle_GCT_USB4105-xx-A_16P_TopMnt_Horizontal,1,USB_C_Receptacle_USB2.0_16P,
J3,JST_SH_SM08B-SRSS-TB_1x08-1MP_P1.00mm_Horizontal,1,Display Connector,
J4,JST_SH_SM02B-SRSS-TB_1x02-1MP_P1.00mm_Horizontal,1,Ambient Light Connector,
L1,INDPM5653X430N,1,L,
"R1, R2, R3, R4",0603,4,5.1K,
"R5, R6",0603,2,10K,
S1,435451019820,1,BOOT,
S2,435451019820,1,RST,
U1,SOT-23-6,1,USBLC6-2SC6,
U2,MSOP-8_3x3mm_P0.65mm,1,MCP9808_MSOP,
U3,SOIC127P600X175-8N,1,Analog Devices RTC DS3231MZ_V+T,
U4,ESP32-S3-WROOM-1,1,ESP32-S3-WROOM-1,
U5,DBV0006A-IPC_A,1,LMR50410Y3FQDBVRQ1,
